uid,time,name,sex
1817063775,2022-11-01 23:38:40,bili_1817063775,保密
20321241,2022-10-30 04:09:10,藤原sana,保密
485943350,2022-10-26 19:40:56,nothirty,保密
351604670,2022-10-25 16:49:32,枕头停止了思考,保密
399387868,2022-10-25 14:36:47,誓九,保密
527457249,2022-10-24 22:55:49,想着自己很刘比,保密
404490452,2022-10-24 16:43:31,老秃驴会反光,保密
544132127,2022-10-24 16:25:26,阿焱炎_,保密
479278625,2022-10-22 23:55:59,Lin-雾,保密
249555002,2022-10-16 03:50:26,waters缝合怪,女
19652108,2022-10-11 14:52:32,苗啊没有田,保密
331951349,2022-10-10 00:34:29,西羌月,保密
297601201,2022-10-06 08:47:29,露辣辣辣辣,保密
23709446,2022-10-05 23:38:32,匪云,女
2054669814,2022-10-05 20:19:14,炎陵枫,保密
479280784,2022-10-03 12:34:00,諭翾,保密
22928366,2022-09-26 08:45:23,朝凪夏,女
18199431,2022-09-24 21:09:35,蓬山北固,男
328936357,2022-09-24 13:36:20,veryyyyyyyyyy难受,保密
656877,2022-09-22 08:38:32,旗鱼,保密
1032179883,2022-09-18 20:56:52,神奇的木头叒木,保密
489457866,2022-09-18 13:10:29,王子腾帅,保密
284876488,2022-09-18 00:40:04,Nothing-Never,保密
494373274,2022-09-17 18:25:56,bili_67800651154,保密
1721225649,2022-09-16 21:19:31,无法天生,男
502676261,2022-09-14 22:24:21,小保底歪就紫砂,保密
319691312,2022-09-14 13:17:57,紫陌纤尘尘,女
399677187,2022-09-12 10:27:51,xiaoxiao不是小小l16,保密
692203118,2022-09-10 12:16:38,繁华落烬iii,保密
666865683,2022-09-08 18:57:35,-九_猫-,保密
473455500,2022-09-05 19:55:32,蓝鲷_,保密
628029978,2022-09-04 01:42:06,我太tm傻了,保密
327571838,2022-09-02 23:14:18,200107wl,保密
696596193,2022-09-01 20:17:29,dydgdkukhhkf,保密
446221071,2022-08-31 21:19:06,酒荷汐,保密
504061826,2022-08-30 20:17:49,LI1099452,男
500337370,2022-08-30 19:33:30,青金红星,保密
1875692867,2022-08-28 16:52:19,陆离-satori,保密
51952521,2022-08-27 23:42:09,橘子Ray,保密
1860406414,2022-08-26 07:19:36,吃肉的路痴,保密
238340864,2022-08-25 16:28:49,学傻了的小黑,保密
12001664,2022-08-25 00:53:40,人形自走诱饵弹,保密
1448174715,2022-08-24 23:12:42,莫殒,男
510555599,2022-08-24 22:19:43,浅羽灰鸦,保密
408257889,2022-08-23 19:29:19,缀绕山,女
443927569,2022-08-22 21:18:02,CF猫妻,保密
479187035,2022-08-22 18:12:51,奕廑_,保密
287261503,2022-08-22 17:37:32,昔夕曦,女
1790905883,2022-08-22 10:30:36,叶栾星繁,男
700569630,2022-08-21 08:40:43,bili_89099646539,保密
